,S,B,latency_ms,memory_bytes,energy_mJ,is_validation
0,32,1,2.137984037399292,365083648,179.54,False
1,32,2,2.181023955345154,365292544,151.78,False
2,32,4,2.064239978790283,365710336,243.66,False
3,32,8,2.0556799173355103,366545920,317.82,False
4,32,16,2.1789278984069824,368217088,224.5,False
5,32,32,2.4763360023498535,379866112,346.2,False
6,32,64,2.6041120290756226,403164160,503.76,False
7,32,128,3.339263916015625,449891328,1225.2,False
8,32,256,6.0845441818237305,389467136,2019.52,False
9,32,384,11.984208106994629,448842752,4967.84,False
10,32,512,16.02787208557129,509135872,7417.66,False
11,64,1,2.1632159948349,269847552,201.72,False
12,64,2,2.104640007019043,271731712,243.8,False
13,64,4,2.1969120502471924,393137152,263.92,False
14,64,8,2.2338560819625854,396479488,469.14,False
15,64,16,2.5661439895629883,403164160,644.04,False
16,64,32,3.2445439100265503,449891328,699.64,False
17,64,64,5.841328144073486,389467136,2198.66,False
18,64,128,15.105535984039307,509135872,6760.26,False
19,64,256,23.931296348571777,750308352,10704.5,False
20,64,384,36.17075157165527,991480832,15786.9,False
21,64,512,48.78017616271973,1232653312,21296.1,False
22,128,1,2.464079976081848,493603840,320.32,False
23,128,2,2.484655976295471,496946176,353.82,False
24,128,4,2.808319926261902,503630848,1020.78,False
25,128,8,3.6193279027938843,517000192,1101.94,False
26,128,16,8.19595193862915,389467136,2952.56,False
27,128,32,15.67529582977295,509135872,6839.58,False
28,128,64,24.24356746673584,750308352,10476.44,False
29,128,128,49.08020782470703,1232653312,21449.6,False
30,128,256,101.36115264892578,2197343232,45417.88,False
31,128,384,150.9739532470703,3162033152,66907.64,False
32,128,512,201.66385650634766,4126723072,89004.16,False
33,224,1,2.7607040405273438,291896320,248.48,False
34,224,2,4.193279981613159,784436224,1144.44,False
35,224,4,8.339968204498291,361335808,3068.32,False
36,224,8,12.727231979370117,453659648,5655.54,False
37,224,16,20.384255409240723,638307328,9213.56,False
38,224,32,39.32095909118652,1006554112,17677.12,False
39,224,64,78.01038360595703,1745144832,35040.0,False
40,224,128,154.03156280517578,3222850560,68882.02,False
41,224,256,307.72581481933594,6177737728,136518.72,False
42,224,384,463.20025634765625,9131052032,204500.66,False
43,224,512,618.6357727050781,12085414912,272866.22,False
44,256,1,2.865151882171631,298109952,427.04,False
45,256,2,4.137392044067383,328256512,1318.06,False
46,256,4,7.81875205039978,389467136,3351.66,False
47,256,8,15.2216796875,509135872,6467.04,False
48,256,16,24.404319763183594,750308352,11311.94,False
49,256,32,49.68491172790527,1232653312,22383.56,False
50,256,64,99.96543884277344,2197343232,43886.08,False
51,256,128,199.9967498779297,4126723072,89474.88,False
52,256,256,401.2032012939453,7985482752,176913.2,False
53,256,384,603.2690124511719,11844242432,265902.44,False
54,256,512,805.4811096191406,15703002112,354796.68,False
55,384,1,5.177520036697388,335793152,1866.76,False
56,384,2,9.350143909454346,404147200,3882.64,False
57,384,4,18.042880058288574,539282432,7854.82,False
58,384,8,27.988304138183594,811125760,12075.14,False
59,384,16,55.73422431945801,1354288128,24821.06,False
60,384,32,112.6490707397461,2438515712,49644.16,False
61,384,64,225.9978256225586,4609068032,99662.14,False
62,384,128,458.75238037109375,8950172672,202888.68,False
63,384,256,918.96044921875,17632381952,405414.62,False
64,384,384,,OOM,,False
65,384,512,,OOM,,False
66,512,1,8.53377628326416,389467136,3585.4,False
67,512,2,15.951871871948242,509135872,6901.94,False
68,512,4,25.324543952941895,750308352,11329.62,False
69,512,8,49.326080322265625,1232653312,21816.1,False
70,512,16,100.11698913574219,2197343232,45073.22,False
71,512,32,202.20465850830078,4126723072,89922.1,False
72,512,64,403.8440856933594,7985482752,177706.02,False
73,512,128,817.4919128417969,15703002112,360512.82,False
74,512,256,,OOM,,False
75,512,384,,OOM,,False
76,512,512,,OOM,,False
77,768,1,18.271231651306152,539282432,8174.38,False
78,768,2,30.005760192871094,811125760,13121.32,False
79,768,4,59.3581600189209,1354288128,26602.52,False
80,768,8,113.07718276977539,2438515712,50379.8,False
81,768,16,226.7088165283203,4609068032,101603.02,False
82,768,32,454.5858459472656,8950172672,200913.76,False
83,768,64,915.2266235351562,17632381952,402915.64,False
84,768,128,,OOM,,False
85,768,256,,OOM,,False
86,768,384,,OOM,,False
87,768,512,,OOM,,False
88,1024,1,27.118592262268066,750308352,12242.46,False
89,1024,2,54.374671936035156,1232653312,23998.52,False
90,1024,4,102.6948013305664,2197343232,46068.12,False
91,1024,8,203.4891357421875,4126723072,90990.44,False
92,1024,16,411.8297576904297,7985482752,182136.24,False
93,1024,32,824.7285766601562,15703002112,364678.0,False
94,1024,64,,OOM,,False
95,1024,128,,OOM,,False
96,1024,256,,OOM,,False
97,1024,384,,OOM,,False
98,1024,512,,OOM,,False
99,112,59,19.101696014404297,609275904,8442.44,True
100,112,101,31.638431549072266,852183040,13887.8,True
101,112,217,66.88246154785156,1520995328,30185.08,True
102,112,417,129.60768127441406,2676050944,57133.66,True
103,192,59,53.83305549621582,1270025216,23885.2,True
104,192,101,91.56387329101562,1982499840,40413.86,True
105,192,217,194.64498901367188,3949251584,86788.16,True
106,192,417,374.2043151855469,7340346368,165930.92,True
107,336,59,162.49129486083984,3332911104,71371.76,True
108,336,101,279.0717468261719,5513455616,123533.64,True
109,336,217,600.7868347167969,11538995200,265564.64,True
110,336,417,,OOM,,True
111,448,59,286.1556854248047,5717150720,127079.14,True
112,448,101,495.553466796875,9594522624,218978.2,True
113,448,217,1064.1069946289062,20303285248,468399.3,True
114,448,417,,OOM,,True
115,800,59,915.5931091308594,17638218752,404256.82,True
116,800,101,,OOM,,True
117,800,217,,OOM,,True
118,800,417,,OOM,,True
